Ativo,Quantidade,Preco Medio
KNCR11,233,107.25
KNIP11,271,92.05999755859375
VILG11,268,93.08000183105469
XPML11,240,103.63999938964844
